replicate,tick,population,pedigreeID,sex,age,haplogroup,patrilineID,locus1,locus2,locus3,locus4,locus5,locus6,locus7,locus8,locus9,locus10,locus11,locus12
5,2664,lattice_center,11218531,M,6,HG_B,302,13,23,16,10,11,31,12,12,15,13,9,9
5,2664,lattice_center,11198478,M,9,HG_C,244,12,21,13,15,14,25,13,11,10,16,13,14
5,2664,lattice_center,11171404,M,13,HG_C,244,12,21,12,15,14,25,13,11,9,16,13,14
5,2664,lattice_center,11129413,M,19,HG_C,493,14,24,12,14,14,28,16,10,12,15,13,16
5,2664,lattice_center,11258016,M,0,HG_B,302,13,24,17,10,11,31,12,12,15,13,9,10
5,2664,lattice_center,11157529,M,15,HG_B,302,13,23,16,10,11,31,12,12,15,13,9,9
5,2664,lattice_center,11231634,M,4,HG_B,302,13,23,16,10,11,31,12,12,15,13,9,9
5,2664,lattice_center,11225026,M,5,HG_C,244,12,21,12,15,14,25,14,11,8,16,13,14
5,2664,lattice_center,11150460,M,16,HG_C,244,12,21,12,15,14,25,13,11,9,16,13,14
5,2664,lattice_center,11136323,M,18,HG_A,234,13,22,15,11,14,29,12,10,14,16,12,11
5,2664,lattice_center,11136324,M,18,HG_C,493,13,24,11,14,13,29,16,10,11,15,13,15
5,2664,lattice_center,11143388,M,17,HG_B,302,13,23,16,10,11,31,12,12,15,13,9,9
5,2664,lattice_center,11103185,M,23,HG_E,330,12,28,13,11,19,26,14,13,11,17,11,14
5,2664,lattice_center,11205309,M,8,HG_A,125,13,25,17,12,13,29,13,12,11,15,14,12
5,2664,lattice_center,11136412,M,18,HG_B,302,13,24,17,10,11,31,12,12,15,13,9,10
5,2664,lattice_center,11184996,M,11,HG_A,234,13,22,15,11,14,29,12,10,14,16,12,11
5,2664,lattice_center,11185008,M,11,HG_B,302,13,24,17,10,11,31,12,12,15,13,9,10
5,2664,lattice_center,11238241,M,3,HG_A,234,13,21,15,11,13,28,12,9,14,16,12,11
5,2664,lattice_center,11157572,M,15,HG_C,493,13,24,11,14,13,29,16,10,11,15,13,15
5,2664,lattice_center,11251551,M,1,HG_B,302,13,24,15,10,11,31,12,12,15,13,9,9
5,2664,lattice_center,11164623,M,14,HG_A,234,13,22,15,11,12,29,12,9,14,16,12,11
5,2664,lattice_center,11205252,M,8,HG_C,244,12,21,12,15,14,25,13,11,9,16,13,14
5,2664,lattice_center,11238240,M,3,HG_B,302,13,23,16,10,11,31,12,12,15,13,9,9
5,2664,lattice_center,11171384,M,13,HG_A,234,13,22,15,11,12,29,12,9,14,16,12,11
5,2664,lattice_center,11115959,M,21,HG_B,302,14,25,16,10,12,31,11,12,14,13,9,9
5,2664,lattice_center,11115958,M,21,HG_B,302,14,25,16,10,12,31,11,12,14,13,9,9
5,2664,lattice_center,11244918,M,2,HG_B,302,13,23,17,10,11,31,12,12,15,13,9,9
5,2664,lattice_center,11184958,M,11,HG_B,302,13,23,16,10,11,31,12,12,15,13,9,9
5,2664,lattice_center,11184972,M,11,HG_A,125,13,25,17,12,12,29,15,12,12,15,14,12
5,2664,lattice_center,11184973,M,11,HG_A,125,13,25,17,12,12,29,15,12,12,15,14,12
5,2664,lattice_center,11258013,M,0,HG_B,302,13,23,17,10,11,31,11,12,15,12,9,9
5,2664,lattice_center,11185003,M,11,HG_E,330,12,28,13,11,19,26,14,13,11,17,11,14
5,2664,lattice_center,11185021,M,11,HG_C,493,13,24,11,13,13,29,16,10,11,15,13,15
5,2664,lattice_center,11109151,M,22,HG_B,302,13,24,17,10,11,31,12,12,15,13,9,10
5,2664,lattice_center,11191857,M,10,HG_B,302,13,24,17,10,11,31,12,12,15,13,9,10
5,2664,lattice_center,11191860,M,10,HG_B,302,13,24,17,10,11,31,12,12,15,13,9,10
5,2664,lattice_center,11191861,M,10,HG_A,234,13,22,15,11,14,29,12,10,14,16,12,11
5,2664,lattice_center,11244917,M,2,HG_B,302,14,25,16,10,12,31,11,12,14,13,9,9
5,2664,lattice_center,11191884,M,10,HG_C,493,13,24,11,13,13,28,16,10,11,15,13,15
5,2664,lattice_center,11185024,M,11,HG_E,330,12,28,13,11,19,26,14,13,11,17,11,14
5,2664,lattice_center,11036768,M,33,HG_E,330,12,28,13,11,19,26,14,13,11,17,11,14
5,2664,lattice_center,11198463,M,9,HG_A,234,13,22,15,11,12,29,12,9,14,16,12,11
5,2664,lattice_center,11238221,M,3,HG_C,244,12,21,12,15,14,25,13,11,9,16,13,14
5,2664,lattice_center,11130183,M,19,HG_B,302,13,25,16,10,11,32,11,11,14,13,9,9
5,2664,lattice_center,11198433,M,9,HG_E,330,12,28,13,11,19,26,14,13,11,17,11,14
5,2664,lattice_center,11198438,M,9,HG_E,330,12,28,14,11,19,26,15,13,11,17,11,14
5,2664,lattice_center,11258011,M,0,HG_B,302,13,23,17,10,11,31,11,12,15,12,9,9
5,2664,lattice_center,11198493,M,9,HG_B,302,13,23,16,10,11,31,12,12,15,13,9,9
5,2664,lattice_center,11198453,M,9,HG_A,125,13,25,17,12,12,29,15,12,12,15,14,12
5,2664,lattice_center,11238253,M,3,HG_B,302,13,24,17,10,11,31,12,12,15,13,9,10
5,2664,lattice_center,11198474,M,9,HG_C,244,12,21,13,15,14,25,13,11,10,16,13,14
5,2664,lattice_center,11178775,M,12,HG_A,234,13,22,15,11,13,28,12,9,15,16,12,11
5,2664,lattice_center,11205256,M,8,HG_E,330,12,28,13,11,19,26,14,13,11,17,11,14
5,2664,lattice_center,11225032,M,5,HG_E,330,12,28,13,11,19,26,14,13,11,17,11,14
5,2664,lattice_center,11205282,M,8,HG_A,234,13,22,15,11,12,29,12,9,14,16,12,11
5,2664,lattice_center,11205284,M,8,HG_A,234,13,22,15,11,12,29,12,9,14,16,12,11
5,2664,lattice_center,11205287,M,8,HG_B,302,13,23,16,10,11,31,12,12,15,13,9,9
5,2664,lattice_center,11211874,M,7,HG_B,302,13,24,18,10,11,31,12,12,15,13,9,10
5,2664,lattice_center,11258007,M,0,HG_B,302,13,23,17,10,11,31,11,12,15,12,9,9
5,2664,lattice_center,11251549,M,1,HG_B,302,13,24,15,10,11,31,12,12,15,13,9,9
5,2664,lattice_center,11192461,M,10,HG_A,234,13,22,15,11,13,29,12,9,14,16,12,11
5,2664,lattice_center,11211836,M,7,HG_A,234,13,22,15,11,14,29,12,9,14,16,12,12
5,2664,lattice_center,11211844,M,7,HG_C,244,12,21,11,15,14,25,14,11,8,16,13,14
5,2664,lattice_center,11211852,M,7,HG_A,234,13,21,15,11,13,28,12,9,14,16,12,11
5,2664,lattice_center,11211855,M,7,HG_C,244,12,21,12,15,14,25,13,11,9,16,13,14
5,2664,lattice_center,11211857,M,7,HG_A,125,13,25,17,12,13,29,13,12,11,15,14,12
5,2664,lattice_center,11211862,M,7,HG_C,244,12,21,12,15,14,25,13,11,9,16,13,14
5,2664,lattice_center,11211863,M,7,HG_C,244,12,21,12,15,14,25,13,11,9,16,13,14
5,2664,lattice_center,11056277,M,30,HG_B,302,13,24,17,10,12,31,11,13,15,13,9,10
5,2664,lattice_center,11036130,M,33,HG_B,302,13,24,15,10,11,31,12,12,15,13,9,9
5,2664,lattice_center,11211870,M,7,HG_E,330,12,28,14,11,19,26,15,13,11,17,11,14
5,2664,lattice_center,11218494,M,6,HG_A,234,13,21,15,11,13,28,12,9,14,16,12,11
5,2664,lattice_center,11211871,M,7,HG_B,302,13,24,18,10,11,31,12,12,15,13,9,10
5,2664,lattice_center,11144556,M,17,HG_B,302,13,24,17,10,12,31,11,13,15,13,9,10
5,2664,lattice_center,11179563,M,12,HG_B,302,13,23,17,10,11,31,12,12,15,13,9,9
5,2664,lattice_center,11218485,M,6,HG_C,493,13,24,11,13,13,28,16,10,11,15,13,15
5,2664,lattice_center,11218486,M,6,HG_C,493,13,24,11,13,13,28,16,10,11,15,13,15
5,2664,lattice_center,11218488,M,6,HG_E,330,12,28,13,11,19,26,14,13,11,17,11,14
5,2664,lattice_center,11218493,M,6,HG_A,234,13,21,15,11,13,28,12,9,14,16,12,11
5,2664,lattice_center,11170762,M,13,HG_B,302,13,24,16,10,11,31,12,12,15,13,9,9
5,2664,lattice_center,11231064,M,4,HG_B,302,13,24,17,10,11,31,12,12,15,13,9,10
5,2664,lattice_center,11205268,M,8,HG_A,234,13,21,15,11,13,28,12,9,14,16,12,11
5,2664,lattice_center,11184467,M,11,HG_E,330,12,28,13,11,19,26,14,13,11,17,11,14
5,2664,lattice_center,11218520,M,6,HG_B,302,13,23,16,10,11,31,12,12,15,13,9,9
5,2664,lattice_center,11218521,M,6,HG_B,302,13,23,16,10,11,31,12,12,15,13,9,9
5,2664,lattice_center,11114705,M,21,HG_A,234,13,22,15,11,13,29,12,9,14,15,12,11
5,2664,lattice_center,11069435,M,28,HG_B,302,13,23,16,10,11,31,12,12,15,13,9,9
5,2664,lattice_center,11158172,M,15,HG_A,234,13,21,15,11,13,28,12,9,14,16,12,11
5,2664,lattice_center,11197840,M,9,HG_B,302,13,24,18,10,11,31,12,12,15,13,9,10
5,2664,lattice_center,11218529,M,6,HG_B,302,13,23,16,10,11,31,12,12,15,13,9,9
5,2664,lattice_center,11224985,M,5,HG_C,244,12,21,13,15,14,25,13,11,10,16,13,14
5,2664,lattice_center,11224989,M,5,HG_E,330,12,28,13,11,19,26,14,13,11,17,11,14
5,2664,lattice_center,11251523,M,1,HG_B,302,14,25,16,10,12,31,11,12,14,13,9,9
5,2664,lattice_center,11224993,M,5,HG_B,302,13,23,16,10,11,31,12,12,15,13,9,9
5,2664,lattice_center,11224995,M,5,HG_A,125,13,25,17,12,13,29,13,12,11,15,14,12
5,2664,lattice_center,11224996,M,5,HG_B,302,13,23,16,10,11,31,12,12,15,13,9,9
5,2664,lattice_center,11231609,M,4,HG_C,244,12,21,12,15,13,25,13,11,9,16,13,14
5,2664,lattice_center,11225010,M,5,HG_B,302,13,24,17,10,12,31,11,13,15,13,9,10
5,2664,lattice_center,11225023,M,5,HG_C,493,12,24,11,13,13,28,16,10,11,15,13,15
5,2664,lattice_center,11225033,M,5,HG_E,330,12,28,13,11,19,26,14,13,11,17,11,14
5,2664,lattice_center,11238277,M,3,HG_B,302,13,24,16,10,11,31,12,12,15,13,9,9
5,2664,lattice_center,11238230,M,3,HG_A,125,13,25,17,12,13,29,13,12,11,15,14,12
5,2664,lattice_center,11225039,M,5,HG_C,244,12,21,12,15,14,25,13,11,9,16,13,14
5,2664,lattice_center,11251548,M,1,HG_B,302,13,24,15,9,11,31,12,12,15,13,9,9
5,2664,lattice_center,11191919,M,10,HG_A,234,13,21,15,11,14,29,12,9,14,16,12,11
5,2664,lattice_center,11211914,M,7,HG_C,244,12,21,12,15,14,25,14,11,8,16,13,14
5,2664,lattice_center,11211329,M,7,HG_B,302,13,24,18,10,11,31,12,12,15,13,9,10
5,2664,lattice_center,11238222,M,3,HG_C,244,12,21,12,15,14,25,13,11,9,16,13,14
5,2664,lattice_center,11225527,M,5,HG_A,234,13,22,15,11,13,28,12,9,15,16,12,11
5,2664,lattice_center,11231621,M,4,HG_B,302,13,23,17,10,11,31,11,12,15,12,9,9
5,2664,lattice_center,11231642,M,4,HG_C,244,12,21,12,15,14,25,13,11,9,16,13,14
5,2664,lattice_center,11231661,M,4,HG_B,302,13,23,16,10,11,31,12,12,15,13,9,9
5,2664,lattice_center,11231662,M,4,HG_C,244,12,21,12,15,14,25,13,11,9,16,13,14
5,2664,lattice_center,11225096,M,5,HG_B,302,13,25,16,10,11,31,11,12,14,13,9,9
5,2664,lattice_center,11218543,M,6,HG_A,234,13,22,15,11,13,28,12,9,15,16,12,11
5,2664,lattice_center,11231671,M,4,HG_B,302,13,24,17,10,11,31,12,12,15,13,9,10
5,2664,lattice_center,11251541,M,1,HG_E,330,12,28,13,11,19,26,14,13,11,17,11,14
5,2664,lattice_center,11244913,M,2,HG_B,302,14,25,16,10,12,31,11,12,14,13,9,9
5,2664,lattice_center,11231673,M,4,HG_E,330,12,28,13,11,19,26,14,13,11,17,11,14
5,2664,lattice_center,11185589,M,11,HG_B,302,13,23,16,10,11,31,11,12,15,13,9,9
5,2664,lattice_center,11178792,M,12,HG_E,330,12,28,13,11,19,26,14,13,11,17,11,14
5,2664,lattice_center,11218417,M,6,HG_B,302,13,23,16,10,11,31,12,12,15,13,9,9
5,2664,lattice_center,11238193,M,3,HG_C,244,12,21,12,15,14,25,14,11,8,16,13,14
5,2664,lattice_center,11238194,M,3,HG_C,244,12,21,12,15,14,25,14,11,8,16,13,14
5,2664,lattice_center,11238201,M,3,HG_B,302,13,23,16,10,11,31,12,12,15,13,9,9
5,2664,lattice_center,11258005,M,0,HG_E,330,12,28,13,11,19,26,14,13,11,17,11,14
5,2664,lattice_center,11238213,M,3,HG_E,330,12,28,13,11,19,26,14,13,11,17,11,14
5,2664,lattice_center,11244233,M,2,HG_B,302,13,23,16,10,11,31,12,12,15,13,9,9
5,2664,lattice_center,11238218,M,3,HG_B,302,13,24,15,10,11,31,12,12,15,13,9,9
5,2664,lattice_center,11238220,M,3,HG_B,302,13,24,15,10,11,31,12,12,15,13,9,9
5,2664,lattice_center,11251561,M,1,HG_B,302,14,25,16,10,12,31,11,12,14,13,9,9
5,2664,lattice_center,11251538,M,1,HG_E,330,12,28,13,11,19,26,14,13,11,17,11,14
5,2664,lattice_center,11238254,M,3,HG_B,302,13,24,17,10,11,31,12,12,15,13,9,10
5,2664,lattice_center,11238257,M,3,HG_E,330,12,28,13,11,19,26,14,13,11,17,11,14
5,2664,lattice_center,11238259,M,3,HG_E,330,12,28,13,11,19,26,14,13,11,17,11,14
5,2664,lattice_center,11225052,M,5,HG_B,302,13,23,16,10,11,31,12,12,15,13,9,9
5,2664,lattice_center,11157734,M,15,HG_B,302,13,25,16,10,11,31,11,12,14,13,9,9
5,2664,lattice_center,11238271,M,3,HG_B,302,14,25,16,10,12,31,11,12,14,13,9,9
5,2664,lattice_center,11238273,M,3,HG_A,234,13,22,15,11,14,28,12,9,14,16,12,11
5,2664,lattice_center,11231680,M,4,HG_C,493,13,24,11,13,13,28,16,10,11,15,13,15
5,2664,lattice_center,11075394,M,27,HG_E,330,12,28,12,11,18,28,14,13,11,17,11,14
5,2664,lattice_center,11199058,M,9,HG_C,493,13,24,11,13,13,28,16,10,11,15,13,15
5,2664,lattice_center,11192393,M,10,HG_B,302,13,23,16,10,11,31,12,12,15,13,9,9
5,2664,lattice_center,11231682,M,4,HG_C,493,13,24,11,13,13,28,16,10,11,15,13,15
5,2664,lattice_center,11205848,M,8,HG_B,302,13,23,17,10,11,31,12,12,15,12,9,9
5,2664,lattice_center,11244856,M,2,HG_E,330,12,28,13,11,19,26,14,13,11,17,11,14
5,2664,lattice_center,11258006,M,0,HG_B,302,13,23,17,10,11,31,11,12,15,12,9,9
5,2664,lattice_center,11237620,M,3,HG_C,244,12,21,12,15,14,25,13,11,9,16,13,14
5,2664,lattice_center,11244869,M,2,HG_B,302,13,23,16,10,11,31,12,12,15,13,9,9
5,2664,lattice_center,11244870,M,2,HG_B,302,13,23,16,10,11,31,12,12,15,13,9,9
5,2664,lattice_center,11244872,M,2,HG_B,302,13,23,16,10,11,31,12,12,15,13,9,9
5,2664,lattice_center,11244874,M,2,HG_B,302,13,24,17,10,11,31,12,12,15,13,9,10
5,2664,lattice_center,11244877,M,2,HG_B,302,13,24,17,10,11,31,12,12,15,13,9,10
5,2664,lattice_center,11244878,M,2,HG_B,302,13,23,16,10,11,31,12,12,15,13,9,9
5,2664,lattice_center,11244879,M,2,HG_B,302,13,23,16,10,11,31,12,12,15,13,9,9
5,2664,lattice_center,11244881,M,2,HG_B,302,13,23,16,10,11,31,12,12,15,13,9,9
5,2664,lattice_center,11244938,M,2,HG_A,234,13,22,15,11,13,28,11,9,14,16,12,11
5,2664,lattice_center,11244883,M,2,HG_C,244,12,21,13,15,14,25,13,11,10,16,13,14
5,2664,lattice_center,11244889,M,2,HG_E,330,12,28,13,11,19,26,14,13,11,17,11,14
5,2664,lattice_center,11244890,M,2,HG_E,330,12,28,13,11,19,26,14,13,11,17,11,14
5,2664,lattice_center,11244892,M,2,HG_A,234,13,22,15,11,12,29,12,9,14,16,12,11
5,2664,lattice_center,11251535,M,1,HG_C,493,14,24,12,14,14,28,16,10,12,15,13,16
5,2664,lattice_center,11244899,M,2,HG_E,330,12,28,13,11,19,26,14,13,11,17,11,14
5,2664,lattice_center,11244901,M,2,HG_B,302,13,23,17,10,11,31,12,12,15,12,9,9
5,2664,lattice_center,11244905,M,2,HG_B,302,13,24,17,10,12,31,11,13,15,13,9,10
5,2664,lattice_center,11244921,M,2,HG_B,302,13,23,17,10,11,31,12,12,15,13,9,9
5,2664,lattice_center,11244922,M,2,HG_C,244,12,21,12,15,14,25,13,11,9,16,13,14
5,2664,lattice_center,11244928,M,2,HG_B,302,13,23,17,10,11,31,11,12,15,12,9,9
5,2664,lattice_center,11244932,M,2,HG_B,302,13,24,17,10,11,31,12,12,15,13,9,10
5,2664,lattice_center,11225044,M,5,HG_B,302,13,24,17,10,11,31,12,13,15,13,9,10
5,2664,lattice_center,11205365,M,8,HG_B,302,13,24,17,10,12,31,11,13,15,13,9,10
5,2664,lattice_center,11198508,M,9,HG_B,302,13,24,17,10,11,31,11,13,15,13,9,10
5,2664,lattice_center,11218545,M,6,HG_B,302,13,23,16,10,11,31,12,12,15,13,9,9
5,2664,lattice_center,11244944,M,2,HG_B,302,13,23,16,10,11,31,12,12,15,13,9,9
5,2664,lattice_center,11244956,M,2,HG_E,330,12,28,13,11,19,27,14,13,11,17,11,14
5,2664,lattice_center,11258010,M,0,HG_B,302,13,23,17,10,11,31,11,12,15,12,9,9
5,2664,lattice_center,11198464,M,9,HG_B,302,13,23,17,10,11,31,11,12,15,12,9,9
5,2664,lattice_center,11165375,M,14,HG_C,244,12,21,12,15,14,25,14,11,8,16,13,14
5,2664,lattice_center,11204648,M,8,HG_A,234,13,22,15,11,13,29,12,9,14,16,12,11
5,2664,lattice_center,11203962,M,8,HG_A,234,13,22,15,11,13,29,12,9,14,17,12,11
5,2664,lattice_center,11251518,M,1,HG_B,302,13,24,17,10,11,31,12,12,15,13,9,10
5,2664,lattice_center,11251519,M,1,HG_B,302,13,23,17,10,11,31,12,12,15,12,9,9
5,2664,lattice_center,11251521,M,1,HG_B,302,14,25,16,10,12,31,11,12,14,13,9,9
5,2664,lattice_center,11251524,M,1,HG_B,302,14,25,16,10,12,31,11,12,14,13,9,9
5,2664,lattice_center,11211933,M,7,HG_A,234,13,22,15,11,13,29,12,9,14,16,12,11
5,2664,lattice_center,11115943,M,21,HG_B,302,13,23,16,10,11,31,12,12,15,13,9,9
5,2664,lattice_center,11218596,M,6,HG_B,302,13,23,16,10,11,31,12,12,15,13,9,9
5,2664,lattice_center,11198573,M,9,HG_E,330,12,28,13,11,19,26,14,13,11,17,11,14
5,2664,lattice_center,11251534,M,1,HG_C,493,14,24,12,14,14,28,16,10,12,15,13,16
5,2664,lattice_center,11251553,M,1,HG_B,302,13,23,16,10,11,31,12,12,15,13,9,9
5,2664,lattice_center,11251554,M,1,HG_B,302,13,23,16,10,11,31,12,12,15,13,9,9
5,2664,lattice_center,11251555,M,1,HG_B,302,13,23,16,10,11,31,12,12,15,13,9,9
5,2664,lattice_center,11251558,M,1,HG_A,125,13,25,17,12,13,29,13,12,11,15,14,12
5,2664,lattice_center,11177641,M,12,HG_B,302,13,24,16,10,11,31,12,12,15,13,9,9
5,2664,lattice_center,11075783,M,27,HG_B,302,13,23,17,10,11,31,11,12,15,12,9,9
5,2664,lattice_center,11198480,M,9,HG_E,330,12,28,13,11,19,27,14,13,11,17,11,14
5,2664,lattice_center,11095915,M,24,HG_C,244,12,21,12,15,14,25,13,11,9,16,13,14
5,2664,lattice_center,11238809,M,3,HG_C,244,12,21,12,15,14,25,13,11,9,16,13,14
5,2664,lattice_center,11212495,M,7,HG_E,330,12,28,13,11,19,26,14,13,11,17,11,14
5,2664,lattice_center,11257980,M,0,HG_C,244,12,21,12,15,15,25,13,11,9,16,13,14
5,2664,lattice_center,11257981,M,0,HG_C,244,12,21,12,15,14,25,13,11,9,16,13,14
5,2664,lattice_center,11257983,M,0,HG_B,302,13,24,15,10,11,31,12,12,15,13,9,9
5,2664,lattice_center,11257984,M,0,HG_B,302,13,24,15,10,11,31,12,12,15,13,9,9
5,2664,lattice_center,11257985,M,0,HG_B,302,13,24,15,10,11,31,12,12,15,13,9,9
5,2664,lattice_center,11257986,M,0,HG_B,302,13,24,15,10,11,31,12,12,15,13,9,9
5,2664,lattice_center,11257990,M,0,HG_B,302,13,23,16,10,11,31,12,12,15,13,9,9
5,2664,lattice_center,11257991,M,0,HG_B,302,13,23,16,10,11,31,12,12,15,13,9,9
5,2664,lattice_center,11257992,M,0,HG_B,302,14,25,16,10,12,31,11,12,14,13,9,9
5,2664,lattice_center,11257994,M,0,HG_B,302,14,25,16,10,12,31,11,12,14,13,9,9
5,2664,lattice_center,11257995,M,0,HG_E,330,12,28,13,11,19,26,14,13,11,17,11,14
5,2664,lattice_center,11257996,M,0,HG_E,330,12,28,13,11,19,26,14,13,11,17,11,14
5,2664,lattice_center,11257997,M,0,HG_E,330,12,28,13,11,19,26,14,13,11,17,11,14
5,2664,lattice_center,11257998,M,0,HG_E,330,12,28,13,11,19,26,14,13,11,17,11,14
5,2664,lattice_center,11258001,M,0,HG_B,302,13,25,16,10,11,32,11,11,14,13,9,9
5,2664,lattice_center,11258004,M,0,HG_E,330,12,28,13,11,19,26,14,13,11,17,11,14
5,2664,lattice_center,11258019,M,0,HG_B,302,13,24,17,10,12,31,11,13,15,13,9,10
5,2664,lattice_center,11258020,M,0,HG_B,302,13,24,17,10,12,31,11,13,15,13,9,10
5,2664,lattice_center,11258022,M,0,HG_E,330,12,28,13,11,19,26,14,13,11,17,11,14
5,2664,lattice_center,11191937,M,10,HG_B,302,13,23,16,10,11,31,12,12,15,13,9,9
5,2664,lattice_center,11164681,M,14,HG_B,302,14,25,16,10,12,31,11,12,14,13,9,9
5,2664,lattice_center,11258091,M,0,HG_C,244,12,21,13,15,14,25,13,11,10,16,13,14
5,2664,lattice_center,11258027,M,0,HG_C,493,14,24,12,14,14,28,16,10,12,15,13,16
5,2664,lattice_center,11258030,M,0,HG_A,125,13,25,17,12,13,29,13,12,11,15,14,12
5,2664,lattice_center,11258037,M,0,HG_E,330,12,28,13,11,19,27,14,13,11,17,11,14
5,2664,lattice_center,11258038,M,0,HG_E,330,12,28,13,11,19,27,14,13,11,17,11,14
5,2664,lattice_center,11258043,M,0,HG_E,330,12,28,12,11,18,28,14,13,11,17,11,14
5,2664,lattice_center,11258046,M,0,HG_B,302,13,23,17,10,11,31,12,12,15,12,9,9
5,2664,lattice_center,11191773,M,10,HG_C,493,13,24,11,13,13,28,16,10,11,15,13,15
5,2664,lattice_center,11178725,M,12,HG_B,302,13,23,16,10,11,31,12,12,15,13,9,9
5,2664,lattice_center,11199026,M,9,HG_A,234,13,22,15,11,12,28,13,9,14,16,12,11
5,2664,lattice_center,11245398,M,2,HG_A,234,13,22,15,11,13,29,12,9,14,16,12,11
5,2664,lattice_center,11258522,M,0,HG_C,493,13,24,11,13,13,28,16,10,11,15,13,15
5,2664,lattice_center,11258549,M,0,HG_B,302,13,23,16,10,11,31,12,12,15,13,9,9
5,2664,lattice_center,11237563,M,3,HG_C,244,12,21,12,15,14,25,14,11,8,16,13,15
5,2664,lattice_center,11157563,M,15,HG_A,125,13,25,17,12,12,29,15,12,12,15,14,12
5,2664,lattice_center,11244850,M,2,HG_B,302,13,24,17,10,11,30,12,12,15,13,9,10
5,2664,lattice_center,11151110,M,16,HG_C,244,12,21,13,15,14,25,13,11,10,16,13,14
5,2664,lattice_center,11212470,M,7,HG_B,302,13,24,17,10,11,31,12,12,15,13,9,10
5,2664,lattice_center,11192468,M,10,HG_B,302,13,23,16,10,11,31,11,12,15,13,9,9
5,2664,lattice_center,11211877,M,7,HG_B,302,13,23,17,10,11,31,11,12,15,12,9,9
5,2664,lattice_center,11185001,M,11,HG_A,234,13,22,15,11,12,29,12,9,14,16,12,11
